image_path,label,plant_type,disease_type,split
dataset\diseased\tomato\pm6.jpg,diseased_tomato,tomato,bacterial_spot,train
dataset\healthy\tomato\3ee909e6-4de7-4120-bb0e-bd71627f8bf1___RS_HL 9782.JPG,healthy_tomato,tomato,none,train
dataset\healthy\tomato\6270efe7-db0f-4953-a7c7-eb86bb8967dd___RS_HL 9761.JPG,healthy_tomato,tomato,none,train
dataset\healthy\tomato\3eaf72d6-be20-4929-b6dc-58f6c9edf2bd___RS_HL 0031_new30degFlipLR.JPG,healthy_tomato,tomato,none,train
dataset\diseased\tomato\022e8a4a-9297-4de3-88a5-ee7aa46dd526___UF.GRC_BS_Lab Leaf 8682.JPG,diseased_tomato,tomato,bacterial_spot,train
dataset\diseased\tomato\5c438fb1-fb2e-4672-b035-2a1581efa729___GCREC_Bact.Sp 5550.JPG,diseased_tomato,tomato,bacterial_spot,train
dataset\diseased\tomato\f88be630-f853-48f8-b546-a2f7966368a2___RS_Erly.B 7418_flipTB.JPG,diseased_tomato,tomato,bacterial_spot,train
dataset\diseased\tomato\f62b2695-c850-47d4-9e42-e35e5596e729___RS_Erly.B 7777.JPG,diseased_tomato,tomato,bacterial_spot,train
dataset\healthy\tomato\3f5047d4-f421-4313-9281-f333f60caadd___RS_HL 9659_flipTB.JPG,healthy_tomato,tomato,none,train
dataset\diseased\tomato\5e85c3be-5568-4e7c-a09d-edcf1e525af5___GCREC_Bact.Sp 6235.JPG,diseased_tomato,tomato,bacterial_spot,train
dataset\healthy\tomato\7f80c0af-c88f-40ec-be87-14d7595248d8___RS_HL 9721.JPG,healthy_tomato,tomato,none,train
dataset\healthy\tomato\109f3e0e-e7f4-41b9-b450-f68750e144ae___RS_HL 0014.JPG,healthy_tomato,tomato,none,train
dataset\healthy\tomato\3f730857-e87b-4de0-bcbb-fdf0314e2250___GH_HL Leaf 245.1.JPG,healthy_tomato,tomato,none,train
dataset\healthy\tomato\HL_(104).png,healthy_tomato,tomato,none,train
dataset\diseased\tomato\0cee18fc-bbbd-40dd-8d73-93df072c09ea___Com.G_SpM_FL 8904.JPG,diseased_tomato,tomato,bacterial_spot,train
dataset\healthy\tomato\40b7eb94-3f47-47b2-9734-2a95f6acd44e___RS_HL 0408.JPG,healthy_tomato,tomato,none,train
dataset\diseased\tomato\pm24_change_270.jpg,diseased_tomato,tomato,bacterial_spot,train
dataset\healthy\tomato\087e3b12-a80b-435f-8973-a3b07888f8b4___RS_HL 9847.JPG,healthy_tomato,tomato,none,train
dataset\diseased\tomato\4c5fd345-56bf-4fbf-98e1-fff07d91eec6___GCREC_Bact.Sp 6338.JPG,diseased_tomato,tomato,bacterial_spot,train
dataset\healthy\tomato\HL_(155).png,healthy_tomato,tomato,none,train
dataset\healthy\tomato\HL_(159).jpg,healthy_tomato,tomato,none,train
dataset\healthy\tomato\6b53630d-c9df-4e67-a490-b1835772d9a0___GH_HL Leaf 450.2.JPG,healthy_tomato,tomato,none,train
dataset\healthy\tomato\5ac6005e-d9b6-4847-bd28-e43038e02450___RS_HL 0489.JPG,healthy_tomato,tomato,none,train
dataset\healthy\tomato\4c0fe9e1-bbe4-40dc-8a83-97a437693a23___RS_HL 0228_newPixel25.JPG,healthy_tomato,tomato,none,train
dataset\healthy\tomato\3ea001ac-b49b-4382-a95d-a602fba00a5a___GH_HL Leaf 445.JPG,healthy_tomato,tomato,none,train
dataset\healthy\tomato\3e51f746-2ed2-4eb4-96e7-f6717ec068fd___RS_HL 0122_flipTB.JPG,healthy_tomato,tomato,none,train
dataset\diseased\tomato\7cf98788-6726-455c-9b6b-0163e80d4c0d___GCREC_Bact.Sp 3733.JPG,diseased_tomato,tomato,bacterial_spot,train
dataset\healthy\tomato\436f658c-5e47-4d2b-9a8e-2509c6d88ad1___GH_HL Leaf 376.JPG,healthy_tomato,tomato,none,train
dataset\diseased\tomato\pm26_change_90.jpg,diseased_tomato,tomato,bacterial_spot,train
dataset\healthy\tomato\68e18442-2f1d-458d-b1ef-865c7390622c___RS_HL 9919.JPG,healthy_tomato,tomato,none,train
dataset\diseased\tomato\pm13.jpg,diseased_tomato,tomato,bacterial_spot,train
dataset\healthy\tomato\249797c6-648f-4df5-ab87-a0b82eb08801___GH_HL Leaf 495.JPG,healthy_tomato,tomato,none,train
dataset\healthy\tomato\933b7a1c-5015-48df-8c2d-b7fdf918a4db___GH_HL Leaf 490.1.JPG,healthy_tomato,tomato,none,train
dataset\diseased\tomato\8dbdb623-628f-465b-934c-1cf987fb6ab8___GCREC_Bact.Sp 6134.JPG,diseased_tomato,tomato,bacterial_spot,train
dataset\healthy\tomato\3eaf72d6-be20-4929-b6dc-58f6c9edf2bd___RS_HL 0031_180deg.JPG,healthy_tomato,tomato,none,train
dataset\healthy\tomato\6ab4b4b5-3d4f-496b-9b08-7fa87bcfe875___RS_HL 9670.JPG,healthy_tomato,tomato,none,train
dataset\diseased\tomato\8e0325d9-4504-4e3a-8013-a064b8c546f1___GCREC_Bact.Sp 3260.JPG,diseased_tomato,tomato,bacterial_spot,train
dataset\diseased\tomato\f0763973-1898-4ae6-9350-c9b61976c600___RS_Erly.B 6456_flipTB.JPG,diseased_tomato,tomato,bacterial_spot,train
dataset\healthy\tomato\06d3fe74-beca-4722-ae07-eeb671b82780___RS_HL 9701.JPG,healthy_tomato,tomato,none,train
dataset\healthy\tomato\3eaf72d6-be20-4929-b6dc-58f6c9edf2bd___RS_HL 0031_flipTB.JPG,healthy_tomato,tomato,none,train
dataset\diseased\tomato\10c418e8-59b3-4d9f-a22b-7762b538e758___UF.GRC_BS_Lab Leaf 0900.JPG,diseased_tomato,tomato,bacterial_spot,train
dataset\diseased\tomato\pm18_hight.jpg,diseased_tomato,tomato,bacterial_spot,train
dataset\healthy\tomato\HL_(141).png,healthy_tomato,tomato,none,train
dataset\healthy\tomato\9b668abb-fc96-412e-948f-442af45ec580___RS_HL 9972.JPG,healthy_tomato,tomato,none,train
dataset\healthy\tomato\HL_(123).jpg,healthy_tomato,tomato,none,train
dataset\diseased\tomato\6cb8d633-865d-4809-99ff-c826fbcbfb7d___GCREC_Bact.Sp 5707.JPG,diseased_tomato,tomato,bacterial_spot,train
dataset\healthy\tomato\70097a25-88b2-4c9a-800b-5a978cdf4c7c___GH_HL Leaf 384.1.JPG,healthy_tomato,tomato,none,train
dataset\diseased\tomato\1dba797c-45b1-4509-8326-753cf2cf7ebe___Com.G_SpM_FL 8515_180deg.JPG,diseased_tomato,tomato,bacterial_spot,train
dataset\diseased\tomato\pm6_change_270.jpg,diseased_tomato,tomato,bacterial_spot,train
dataset\diseased\tomato\1dde88ff-2897-4181-834f-e3629e3cd12c___Com.G_SpM_FL 9560_flipTB.JPG,diseased_tomato,tomato,bacterial_spot,train
dataset\healthy\tomato\6e41f26a-5ce7-4fba-9fb5-e6a886b55f75___GH_HL Leaf 230.JPG,healthy_tomato,tomato,none,train
dataset\diseased\tomato\5b7250ab-a45a-431b-8d28-2b5a94980d25___GCREC_Bact.Sp 5696.JPG,diseased_tomato,tomato,bacterial_spot,train
dataset\healthy\tomato\4b8bc1e8-30e5-41ef-871e-0661d521418d___RS_HL 0445_180deg.JPG,healthy_tomato,tomato,none,train
dataset\diseased\tomato\6a7ed25b-d34f-4f33-84ab-56efcd5eed15___GCREC_Bact.Sp 3830.JPG,diseased_tomato,tomato,bacterial_spot,train
dataset\healthy\tomato\3e9a67e4-492b-4306-be1b-0a2624ea5c3e___GH_HL Leaf 175_flipTB.JPG,healthy_tomato,tomato,none,train
dataset\diseased\tomato\f33995ae-6456-476c-b832-4ff4cbaf49f7___RS_Erly.B 7525.JPG,diseased_tomato,tomato,bacterial_spot,train
dataset\diseased\tomato\pm33_change_180.jpg,diseased_tomato,tomato,bacterial_spot,train
dataset\diseased\tomato\0f514b75-2c74-4075-b9c7-5d469ab292ba___Com.G_SpM_FL 1205.JPG,diseased_tomato,tomato,bacterial_spot,train
dataset\healthy\tomato\3ca6e178-acee-4463-9d9f-aa1636eb9df6___RS_HL 0306_180deg.JPG,healthy_tomato,tomato,none,train
dataset\healthy\tomato\466832f0-bff9-4766-a597-dc89880a7b4a___RS_HL 0111.JPG,healthy_tomato,tomato,none,train
dataset\diseased\tomato\pm12_mirror_vertical.jpg,diseased_tomato,tomato,bacterial_spot,train
dataset\diseased\tomato\pm33_change_90.jpg,diseased_tomato,tomato,bacterial_spot,train
dataset\diseased\tomato\0cee18fc-bbbd-40dd-8d73-93df072c09ea___Com.G_SpM_FL 8904_flipTB.JPG,diseased_tomato,tomato,bacterial_spot,train
dataset\diseased\tomato\18f11c42-356f-4f3a-bc6d-f770dd101ba4___GCREC_Bact.Sp 5631.JPG,diseased_tomato,tomato,bacterial_spot,train
dataset\diseased\tomato\1da21007-3d29-487f-b839-e835993f20d2___Com.G_SpM_FL 1389_flipTB.JPG,diseased_tomato,tomato,bacterial_spot,train
dataset\diseased\tomato\pm5.JPG,diseased_tomato,tomato,bacterial_spot,train
dataset\diseased\tomato\5b2bff7b-208c-4ec6-adfd-b60b081916c1___GCREC_Bact.Sp 5955.JPG,diseased_tomato,tomato,bacterial_spot,train
dataset\healthy\tomato\10126910-47a0-4b22-b3ee-ce9eb4d5d7b5___GH_HL Leaf 350.JPG,healthy_tomato,tomato,none,train
dataset\diseased\tomato\pm33.jpg,diseased_tomato,tomato,bacterial_spot,train
dataset\diseased\tomato\11a25ab9-8a55-4891-898c-ef29c0502fa2___GCREC_Bact.Sp 3531.JPG,diseased_tomato,tomato,bacterial_spot,train
dataset\healthy\tomato\6dca3464-9e71-4edf-9ca5-746b5eebe418___GH_HL Leaf 352.JPG,healthy_tomato,tomato,none,train
dataset\diseased\tomato\27a806fe-06f2-48fb-92cf-32d44d545606___GCREC_Bact.Sp 3052.JPG,diseased_tomato,tomato,bacterial_spot,train
dataset\diseased\tomato\6a198118-1387-400d-bfb8-c1127df2570d___GCREC_Bact.Sp 5885.JPG,diseased_tomato,tomato,bacterial_spot,train
dataset\healthy\tomato\3eaf72d6-be20-4929-b6dc-58f6c9edf2bd___RS_HL 0031.JPG,healthy_tomato,tomato,none,train
dataset\diseased\tomato\f432e10d-7fd7-4517-b635-cc7677f53d8e___RS_Erly.B 9590_flipTB.JPG,diseased_tomato,tomato,bacterial_spot,train
dataset\diseased\tomato\f51330a5-e187-434f-add0-bd89f488eeee___RS_Erly.B 7699_flipTB.JPG,diseased_tomato,tomato,bacterial_spot,train
dataset\healthy\tomato\5f67b4d4-4503-4149-950b-6cd08a20aaf8___RS_HL 9696.JPG,healthy_tomato,tomato,none,train
dataset\diseased\tomato\7c0bb91f-4508-4bb1-a3d4-da074429c167___GCREC_Bact.Sp 3167.JPG,diseased_tomato,tomato,bacterial_spot,train
dataset\diseased\tomato\ef7a2893-ca76-4f77-beb4-5bfcc729e324___RS_Erly.B 7454_flipTB.JPG,diseased_tomato,tomato,bacterial_spot,train
dataset\healthy\tomato\6a6628d5-27fe-44a1-abeb-f3892a5516ab___RS_HL 9858.JPG,healthy_tomato,tomato,none,train
dataset\healthy\tomato\4b696198-bb02-426d-bcbd-cc00177a0fb7___RS_HL 0093_new30degFlipLR.JPG,healthy_tomato,tomato,none,train
dataset\diseased\tomato\4f16591e-eb1f-48d5-8271-b0872e140ac1___GCREC_Bact.Sp 6229.JPG,diseased_tomato,tomato,bacterial_spot,train
dataset\healthy\tomato\3ea5eb53-bde0-44f1-8aac-d6457e5b0b73___RS_HL 0427_newPixel25.JPG,healthy_tomato,tomato,none,train
dataset\healthy\tomato\7b93db88-7c70-444a-9096-1812426217f7___RS_HL 0167.JPG,healthy_tomato,tomato,none,train
dataset\diseased\tomato\pm26_lower.jpg,diseased_tomato,tomato,bacterial_spot,train
dataset\healthy\tomato\3e2fa71c-73a6-48f5-9175-4d43a078115a___RS_HL 0159_flipTB.JPG,healthy_tomato,tomato,none,train
dataset\diseased\tomato\pm22_mirror_vertical.jpg,diseased_tomato,tomato,bacterial_spot,train
dataset\healthy\tomato\3dd714a8-5c95-4d47-a9d0-0ac15a499c2c___RS_HL 0386_flipTB.JPG,healthy_tomato,tomato,none,train
dataset\diseased\tomato\pm28_change_270.jpg,diseased_tomato,tomato,bacterial_spot,train
dataset\healthy\tomato\6a74d0a9-4a5e-4dc2-9e14-aeade8b0c3b2___GH_HL Leaf 400.1.JPG,healthy_tomato,tomato,none,train
dataset\healthy\tomato\8811ef44-071b-430a-a0a4-989bf7668582___GH_HL Leaf 193.JPG,healthy_tomato,tomato,none,train
dataset\diseased\tomato\pm14_change_90.jpg,diseased_tomato,tomato,bacterial_spot,train
dataset\diseased\tomato\f404ec4e-80d9-4392-900e-43a28f689145___PSU_CG 2323_90deg.JPG,diseased_tomato,tomato,bacterial_spot,train
dataset\healthy\tomato\2605218e-e8bf-43d8-8b00-52058e9f0f25___RS_HL 9893.JPG,healthy_tomato,tomato,none,train
dataset\healthy\tomato\HL_(10).png,healthy_tomato,tomato,none,train
dataset\healthy\tomato\HL_(162).png,healthy_tomato,tomato,none,train
dataset\healthy\tomato\014b5e19-7917-4d76-b632-b5dd31d999ec___RS_HL 9640.JPG,healthy_tomato,tomato,none,train
dataset\healthy\tomato\10b36861-6a00-41d9-9858-e00adcfb17e7___RS_HL 0235.JPG,healthy_tomato,tomato,none,train
dataset\diseased\tomato\0a22f50a-5f25-4cf6-816b-76cae94b7f30___GCREC_Bact.Sp 6103.JPG,diseased_tomato,tomato,bacterial_spot,train
dataset\healthy\tomato\199f4f32-6e91-4031-b861-bac1abe3452a___RS_HL 9763.JPG,healthy_tomato,tomato,none,train
dataset\diseased\tomato\6d672985-36f0-48ad-b956-b1378d63c980___GCREC_Bact.Sp 6052.JPG,diseased_tomato,tomato,bacterial_spot,train
dataset\diseased\tomato\6dc57c16-e5f8-41c4-9188-83c8d60cf931___GCREC_Bact.Sp 3597.JPG,diseased_tomato,tomato,bacterial_spot,train
dataset\healthy\tomato\5b2457f5-96d5-4bcd-8025-dc55e666f660___RS_HL 0605.JPG,healthy_tomato,tomato,none,train
dataset\healthy\tomato\461aa22a-be16-4dc8-9d60-45c38eabe504___RS_HL 0501.JPG,healthy_tomato,tomato,none,train
dataset\healthy\tomato\4ff86e18-434e-4d1d-819c-c40c908e064a___RS_HL 0273.JPG,healthy_tomato,tomato,none,train
dataset\diseased\tomato\ba371c18-0d08-4c18-a8d8-e7c716fa9cfa___Matt.S_CG 6518.JPG,diseased_tomato,tomato,bacterial_spot,train
dataset\diseased\tomato\f983209a-7b7c-43f3-b86a-bd9bc7e29c96___PSU_CG 2287_180deg.JPG,diseased_tomato,tomato,bacterial_spot,train
dataset\healthy\tomato\9ee73ce8-ea9e-4a76-8b41-39500bdf3514___RS_HL 0110.JPG,healthy_tomato,tomato,none,train
dataset\healthy\tomato\741595d0-322d-4711-9005-b1e39b9567c1___RS_HL 0491.JPG,healthy_tomato,tomato,none,train
dataset\diseased\tomato\7ca28666-9325-4718-b10f-44d0fcd03a85___UF.GRC_BS_Lab Leaf 0807.JPG,diseased_tomato,tomato,bacterial_spot,train
dataset\healthy\tomato\164d5472-31c5-4145-b30a-93198436539d___RS_HL 0103.JPG,healthy_tomato,tomato,none,train
dataset\diseased\tomato\7f4e7217-5d75-432f-824f-c175dedbfe06___GCREC_Bact.Sp 3762.JPG,diseased_tomato,tomato,bacterial_spot,train
dataset\diseased\tomato\pm18_mirror_vertical.jpg,diseased_tomato,tomato,bacterial_spot,train
dataset\healthy\tomato\9b0e031b-27c2-4c62-8923-ccc3ce5a4048___GH_HL Leaf 401.1.JPG,healthy_tomato,tomato,none,train
dataset\healthy\tomato\148e32de-8876-45d9-92c5-43c17d7292fa___RS_HL 0189.JPG,healthy_tomato,tomato,none,train
dataset\diseased\tomato\32d7007e-5830-4675-8e03-06b60287652f___GCREC_Bact.Sp 3344.JPG,diseased_tomato,tomato,bacterial_spot,train
dataset\healthy\tomato\3367a9a6-6841-45db-bfa9-9b7b9fed0fa2___GH_HL Leaf 421.1.JPG,healthy_tomato,tomato,none,train
dataset\healthy\tomato\3c8a4977-eab9-4639-b12a-c1c42c7258f3___RS_HL 0432_flipTB.JPG,healthy_tomato,tomato,none,train
dataset\healthy\tomato\6d4285ef-e3f2-4cd3-a873-efdd989cf1cb___RS_HL 0182.JPG,healthy_tomato,tomato,none,train
dataset\healthy\tomato\3887cbce-afde-4244-b39e-25ee0c9e24fc___GH_HL Leaf 235.1.JPG,healthy_tomato,tomato,none,train
dataset\healthy\tomato\47a87555-1411-43a3-85d2-5fb241ec089d___GH_HL Leaf 177.2.JPG,healthy_tomato,tomato,none,train
dataset\healthy\tomato\870b4923-2db1-4e01-827b-fbea6ed404cb___RS_HL 0164.JPG,healthy_tomato,tomato,none,train
dataset\diseased\tomato\3ff6609e-918b-4642-8798-10ed02b1d36d___GCREC_Bact.Sp 6050.JPG,diseased_tomato,tomato,bacterial_spot,train
dataset\healthy\tomato\HL_(112).png,healthy_tomato,tomato,none,train
dataset\healthy\tomato\HL_(129).jpg,healthy_tomato,tomato,none,train
dataset\diseased\tomato\0bb186a0-f27a-41b1-b0d2-5cf82eb87251___Com.G_SpM_FL 9018_180deg.JPG,diseased_tomato,tomato,bacterial_spot,train
dataset\diseased\tomato\pm9_change_270.jpg,diseased_tomato,tomato,bacterial_spot,train
dataset\diseased\tomato\9f2c6d36-700b-4eec-9478-31cfaaed166e___UF.GRC_BS_Lab Leaf 0723.JPG,diseased_tomato,tomato,bacterial_spot,train
dataset\diseased\tomato\6ab6800f-13bf-4956-858c-f25c1d43fd9a___GCREC_Bact.Sp 3419.JPG,diseased_tomato,tomato,bacterial_spot,train
dataset\healthy\tomato\6be1ec13-6964-4706-b94a-069d4a8592cf___GH_HL Leaf 175.1.JPG,healthy_tomato,tomato,none,train
dataset\diseased\tomato\1d34e045-0cee-4bea-bd14-3a60de7c255e___Com.G_SpM_FL 1312_flipTB.JPG,diseased_tomato,tomato,bacterial_spot,train
dataset\diseased\tomato\f6ddeb19-8aa3-40f5-8b60-b2f404f13407___RS_Erly.B 7705_flipTB.JPG,diseased_tomato,tomato,bacterial_spot,train
dataset\diseased\tomato\24b48701-9f33-4db3-8245-05b60ce7ad7a___GCREC_Bact.Sp 6204.JPG,diseased_tomato,tomato,bacterial_spot,train
dataset\healthy\tomato\7f5c8018-c4c3-4471-aa30-defe910ea3d9___GH_HL Leaf 444.1.JPG,healthy_tomato,tomato,none,train
dataset\diseased\tomato\8ff85c38-bc88-4bd3-872b-363316b27b5b___GCREC_Bact.Sp 5843.JPG,diseased_tomato,tomato,bacterial_spot,train
dataset\healthy\tomato\3e4f86b3-55d1-4efc-bd8a-f13af318b181___GH_HL Leaf 492_new30degFlipLR.JPG,healthy_tomato,tomato,none,train
dataset\healthy\tomato\9a5d3900-8707-4088-8ec0-1fad45d8bd11___GH_HL Leaf 339.JPG,healthy_tomato,tomato,none,train
dataset\diseased\tomato\18ac424a-de74-40f4-b830-74384ae67302___GCREC_Bact.Sp 3480.JPG,diseased_tomato,tomato,bacterial_spot,train
dataset\diseased\tomato\0ab41c2e-c6fc-4ef1-9ffb-ce1b241d32be___GCREC_Bact.Sp 3426.JPG,diseased_tomato,tomato,bacterial_spot,train
dataset\diseased\tomato\19a4a07c-5e82-4a4f-bc64-9f7d941cab88___GCREC_Bact.Sp 3515.JPG,diseased_tomato,tomato,bacterial_spot,train
dataset\healthy\tomato\534e4d2c-e2cc-4448-9181-95b9af3ff56a___RS_HL 0198.JPG,healthy_tomato,tomato,none,train
dataset\diseased\tomato\8d5d586c-35ad-4cf2-99f7-a8d92f56a306___GCREC_Bact.Sp 3145.JPG,diseased_tomato,tomato,bacterial_spot,train
dataset\diseased\tomato\f8babb7d-af2d-495c-9d99-cf215c8c67af___RS_Erly.B 9462.JPG,diseased_tomato,tomato,bacterial_spot,train
dataset\healthy\tomato\HL_(130).jpg,healthy_tomato,tomato,none,train
dataset\healthy\tomato\74579097-2dd7-4d15-8f73-f09e7d919b51___RS_HL 9773.JPG,healthy_tomato,tomato,none,train
dataset\diseased\tomato\6dc6ed46-c38b-4ebd-8985-80f83ebd709e___GCREC_Bact.Sp 2954.JPG,diseased_tomato,tomato,bacterial_spot,train
dataset\diseased\tomato\14f9fe9d-517e-4f70-9a4b-97fff9a26e65___GCREC_Bact.Sp 6295.JPG,diseased_tomato,tomato,bacterial_spot,train
dataset\diseased\tomato\faaab5c4-517e-4417-b471-fa1d762e35c4___PSU_CG 2173_90deg.JPG,diseased_tomato,tomato,bacterial_spot,train
dataset\diseased\tomato\fb79c897-ed92-43c4-8b28-8bdbe951ff56___PSU_CG 2396_270deg.JPG,diseased_tomato,tomato,bacterial_spot,train
dataset\healthy\tomato\HL_(125).png,healthy_tomato,tomato,none,train
dataset\healthy\tomato\HL_(147).png,healthy_tomato,tomato,none,train
dataset\diseased\tomato\6a4ce1e3-a768-4f6e-96cf-3590df10fdc5___GCREC_Bact.Sp 3608.JPG,diseased_tomato,tomato,bacterial_spot,train
dataset\healthy\tomato\HL_(11).png,healthy_tomato,tomato,none,train
dataset\diseased\tomato\eeeb214a-2f7d-4e91-991f-003a3a9508be___PSU_CG 2078.JPG,diseased_tomato,tomato,bacterial_spot,train
dataset\healthy\tomato\185440e0-ca0a-4cd6-aba7-d03fae21552f___RS_HL 0141.JPG,healthy_tomato,tomato,none,train
dataset\diseased\tomato\7b4a5701-1c8d-425d-bf24-204e6de88013___UF.GRC_BS_Lab Leaf 0349.JPG,diseased_tomato,tomato,bacterial_spot,train
dataset\healthy\tomato\3ca6e178-acee-4463-9d9f-aa1636eb9df6___RS_HL 0306_flipTB.JPG,healthy_tomato,tomato,none,train
dataset\diseased\tomato\pm21_hight.jpg,diseased_tomato,tomato,bacterial_spot,train
dataset\diseased\tomato\6c07fb76-06d2-4f7d-8531-7c01485b98d4___GCREC_Bact.Sp 3782.JPG,diseased_tomato,tomato,bacterial_spot,train
dataset\diseased\tomato\7b4845c4-e8c2-4e8e-93f1-5c9639c9995a___GCREC_Bact.Sp 3272.JPG,diseased_tomato,tomato,bacterial_spot,train
dataset\diseased\tomato\014b58ae-091b-408a-ab4a-5a780cd1c3f3___GCREC_Bact.Sp 2971.JPG,diseased_tomato,tomato,bacterial_spot,train
dataset\diseased\tomato\f7065117-14b1-44f1-b9ec-953b61fd3368___RS_Erly.B 9544_180deg.JPG,diseased_tomato,tomato,bacterial_spot,train
dataset\diseased\tomato\f7357222-4e77-4c46-a0ff-a17e165a70ff___RS_Erly.B 9619_flipTB.JPG,diseased_tomato,tomato,bacterial_spot,train
dataset\diseased\tomato\6e8def24-a55a-464e-88a3-624075de0cf1___GCREC_Bact.Sp 2952.JPG,diseased_tomato,tomato,bacterial_spot,train
dataset\healthy\tomato\20d823a4-0be3-4b8a-acdc-6efd1236e7f0___GH_HL Leaf 254.2.JPG,healthy_tomato,tomato,none,train
dataset\diseased\tomato\pm8_lower.jpg,diseased_tomato,tomato,bacterial_spot,train
dataset\healthy\tomato\35f9364b-1ec2-42ee-99f4-3cdeda433f92___RS_HL 9778.JPG,healthy_tomato,tomato,none,train
dataset\diseased\tomato\8d1daa35-ff4d-4c3d-80b5-511a8034750a___GCREC_Bact.Sp 3289.JPG,diseased_tomato,tomato,bacterial_spot,train
dataset\diseased\tomato\a39b7724-9f6b-4d58-a80c-d9dcea99defe___Matt.S_CG 6184.JPG,diseased_tomato,tomato,bacterial_spot,train
dataset\diseased\tomato\0bc5e91c-637e-4a44-a44d-3ee6c941bb96___Com.G_SpM_FL 1592_180deg.JPG,diseased_tomato,tomato,bacterial_spot,train
dataset\healthy\tomato\989dc406-c1db-4a9c-9cda-ae66f1288b9b___RS_HL 0032.JPG,healthy_tomato,tomato,none,train
dataset\diseased\tomato\1d7350c2-9ca5-42c8-89bd-6c6f94dd6459___Com.G_SpM_FL 8803.JPG,diseased_tomato,tomato,bacterial_spot,train
dataset\healthy\tomato\6aed746b-e45b-40d6-addb-71bdd0456618___RS_HL 0638.JPG,healthy_tomato,tomato,none,train
dataset\healthy\tomato\5576cac9-71e4-4ec3-96bd-9b5cfa94fef4___GH_HL Leaf 267.JPG,healthy_tomato,tomato,none,train
dataset\diseased\tomato\0c2e84df-4d41-46f6-9cf9-05aea349ce18___Com.G_SpM_FL 1142_flipTB.JPG,diseased_tomato,tomato,bacterial_spot,train
dataset\diseased\tomato\6e796c88-c3bb-404f-981e-83263b281094___UF.GRC_BS_Lab Leaf 8874.JPG,diseased_tomato,tomato,bacterial_spot,train
dataset\healthy\tomato\719352b5-1b4c-41e5-a517-3dfde18c13ef___RS_HL 0300.JPG,healthy_tomato,tomato,none,train
dataset\healthy\tomato\24fe1921-3196-4125-8f96-d68edef32487___RS_HL 0109.JPG,healthy_tomato,tomato,none,train
dataset\healthy\tomato\4e3f33a1-04a8-4d15-b36c-f757800f766f___RS_HL 0556.JPG,healthy_tomato,tomato,none,train
dataset\healthy\tomato\8c43c178-69de-4e23-a075-1f0bdbf586db___RS_HL 0637.JPG,healthy_tomato,tomato,none,train
dataset\healthy\tomato\7079935b-c669-47db-a6ae-5a12d9ccf9d7___GH_HL Leaf 331.1.JPG,healthy_tomato,tomato,none,train
dataset\diseased\tomato\pm10_change_270.jpg,diseased_tomato,tomato,bacterial_spot,train
dataset\healthy\tomato\HL_(154).png,healthy_tomato,tomato,none,train
dataset\healthy\tomato\3ca6e178-acee-4463-9d9f-aa1636eb9df6___RS_HL 0306_new30degFlipLR.JPG,healthy_tomato,tomato,none,train
dataset\diseased\tomato\f464b52d-2c7e-4086-abdb-99a2c5e1a9da___PSU_CG 2174_90deg.JPG,diseased_tomato,tomato,bacterial_spot,train
dataset\healthy\tomato\20170815a-max-pixel.jpg,healthy_tomato,tomato,none,train
dataset\healthy\tomato\15ba0299-5f38-47ed-ab19-fe6a72737705___RS_HL 9732.JPG,healthy_tomato,tomato,none,train
dataset\diseased\tomato\9a3a8b0b-0587-402d-814d-c0201c4f9b5a___UF.GRC_BS_Lab Leaf 0687.JPG,diseased_tomato,tomato,bacterial_spot,train
dataset\healthy\tomato\3e03aa27-3c0c-447c-87da-c3375ef47ead___RS_HL 9899_180deg.JPG,healthy_tomato,tomato,none,train
dataset\diseased\tomato\pm25_change_90.jpg,diseased_tomato,tomato,bacterial_spot,train
dataset\diseased\tomato\0a64655c-4052-4e5f-a696-2a6cf25d10c9___GCREC_Bact.Sp 6017.JPG,diseased_tomato,tomato,bacterial_spot,train
dataset\diseased\tomato\f6c12455-7dce-40b2-9d33-36bff9caa4ea___PSU_CG 2192_90deg.JPG,diseased_tomato,tomato,bacterial_spot,train
dataset\diseased\tomato\27cae464-e8c3-4600-806e-2d65c8a84016___GCREC_Bact.Sp 3619.JPG,diseased_tomato,tomato,bacterial_spot,train
dataset\diseased\tomato\efd2cbd0-24dc-4c09-92b1-37963ae84721___PSU_CG 2379_270deg.JPG,diseased_tomato,tomato,bacterial_spot,train
dataset\diseased\tomato\pm26_change_270.jpg,diseased_tomato,tomato,bacterial_spot,train
dataset\healthy\tomato\47d38fb3-c397-433f-a478-482a660b70f3___RS_HL 0113.JPG,healthy_tomato,tomato,none,train
dataset\healthy\tomato\7a5fe2a0-ac85-4a37-b0f6-8cfc8fb21c9c___RS_HL 9865.JPG,healthy_tomato,tomato,none,train
dataset\diseased\tomato\f833998e-f306-4f40-b702-3d4ab8f4ad27___PSU_CG 2331_90deg.JPG,diseased_tomato,tomato,bacterial_spot,train
dataset\healthy\tomato\4777e41f-56f7-4f8f-9c81-33bd40ca1d0b___RS_HL 9875.JPG,healthy_tomato,tomato,none,train
dataset\healthy\tomato\2013-08-20-05.jpg,healthy_tomato,tomato,none,train
dataset\diseased\tomato\pm30_change_270.jpg,diseased_tomato,tomato,bacterial_spot,train
dataset\diseased\tomato\0f94b000-c54f-45c1-b976-22cb57dda0c4___Com.G_SpM_FL 9640.JPG,diseased_tomato,tomato,bacterial_spot,train
dataset\diseased\tomato\b4d1fd1c-27f2-476a-8d86-4636028ea4ab___Matt.S_CG 1271.JPG,diseased_tomato,tomato,bacterial_spot,train
dataset\healthy\tomato\085cbe78-1d5c-45eb-877f-f409526032d5___GH_HL Leaf 469.JPG,healthy_tomato,tomato,none,train
dataset\healthy\tomato\4f8ac9da-206a-40e3-b647-f691dcda931e___RS_HL 9819.JPG,healthy_tomato,tomato,none,train
dataset\healthy\tomato\381a69d2-9a7d-40e2-adcb-9d7e362229e2___GH_HL Leaf 478.JPG,healthy_tomato,tomato,none,train
dataset\healthy\tomato\HL_(117).jpg,healthy_tomato,tomato,none,train
dataset\diseased\tomato\1d1c9133-33c7-476d-a358-8699d5de8e1d___Com.G_SpM_FL 8915_flipTB.JPG,diseased_tomato,tomato,bacterial_spot,train
dataset\healthy\tomato\14d46dfe-5348-428c-af6b-82b6625ce6c3___GH_HL Leaf 483.1.JPG,healthy_tomato,tomato,none,train
dataset\healthy\tomato\388c05b0-964f-40e1-9319-2466a4021311___GH_HL Leaf 479.4.JPG,healthy_tomato,tomato,none,train
dataset\diseased\tomato\f188144b-d52c-40c5-a06f-07d5796f9ab0___RS_Erly.B 9553_180deg.JPG,diseased_tomato,tomato,bacterial_spot,train
dataset\diseased\tomato\pm27_mirror_vertical.jpg,diseased_tomato,tomato,bacterial_spot,train
dataset\healthy\tomato\0764ce38-ecb9-4046-88d9-c8f176c6ee8b___GH_HL Leaf 423.JPG,healthy_tomato,tomato,none,train
dataset\diseased\tomato\08fd8d64-fdb3-49bb-93d9-6635ced701d4___UF.GRC_BS_Lab Leaf 0272.JPG,diseased_tomato,tomato,bacterial_spot,train
dataset\healthy\tomato\HL_(144).jpg,healthy_tomato,tomato,none,train
dataset\healthy\tomato\3d59c273-6439-4c0d-b5ac-3738faca5d2a___RS_HL 0413_newPixel25.JPG,healthy_tomato,tomato,none,train
dataset\healthy\tomato\89aa561a-1ea7-4e24-a92b-47f3dedcecdb___RS_HL 0107.JPG,healthy_tomato,tomato,none,train
dataset\diseased\tomato\pm27.jpg,diseased_tomato,tomato,bacterial_spot,train
dataset\healthy\tomato\4c70f748-028a-49d2-92b6-3bf77d33bb9e___RS_HL 9786_new30degFlipLR.JPG,healthy_tomato,tomato,none,train
dataset\diseased\tomato\6b463262-379a-4694-affa-1030a9f4c087___GCREC_Bact.Sp 3366.JPG,diseased_tomato,tomato,bacterial_spot,train
dataset\diseased\tomato\f4e5115b-ca57-4f02-9271-0c8eda45717e___RS_Erly.B 8317_180deg.JPG,diseased_tomato,tomato,bacterial_spot,train
dataset\healthy\tomato\24069ab0-7106-40d0-bdca-e462a49d34dd___RS_HL 0267.JPG,healthy_tomato,tomato,none,train
dataset\healthy\tomato\HL_(146).png,healthy_tomato,tomato,none,train
dataset\diseased\tomato\1dac8b31-ebbc-4ff5-965c-19f58c368e9e___Com.G_SpM_FL 8843_flipTB.JPG,diseased_tomato,tomato,bacterial_spot,train
dataset\healthy\tomato\20dd3c49-88a2-4317-a5ec-d2066d8d815e___RS_HL 0125.JPG,healthy_tomato,tomato,none,train
dataset\healthy\tomato\0894c925-d193-412f-961d-d188b57ee337___GH_HL Leaf 393.JPG,healthy_tomato,tomato,none,train
dataset\healthy\tomato\7b246e09-0a8c-4078-9e0a-6207de8dc804___RS_HL 9809.JPG,healthy_tomato,tomato,none,train
dataset\healthy\tomato\3b247bc2-44d4-4fea-ae3e-aef886d27e45___RS_HL 0584_180deg.JPG,healthy_tomato,tomato,none,train
dataset\healthy\tomato\4bd918e2-ac0a-41b4-b1a0-f1bb799a309c___RS_HL 9846.JPG,healthy_tomato,tomato,none,train
dataset\healthy\tomato\HL_(113).png,healthy_tomato,tomato,none,train
dataset\healthy\tomato\285e95b9-fe77-43a7-85ab-5ef37ae162f8___RS_HL 0047.JPG,healthy_tomato,tomato,none,train
dataset\healthy\tomato\6bcd0525-7b7a-4503-aff0-73cc04db5105___RS_HL 9916.JPG,healthy_tomato,tomato,none,train
dataset\diseased\tomato\pm25_lower.jpg,diseased_tomato,tomato,bacterial_spot,train
dataset\healthy\tomato\5015e0d2-a6e3-4859-aceb-78089d1b60f7___GH_HL Leaf 186.2.JPG,healthy_tomato,tomato,none,train
dataset\diseased\tomato\a201604c-5abc-414a-89cb-b74c80289fa6___Keller.St_CG 1949.JPG,diseased_tomato,tomato,bacterial_spot,train
dataset\healthy\tomato\4e4e685a-6f47-44df-957c-b667a1a5034e___RS_HL 9938.JPG,healthy_tomato,tomato,none,train
dataset\diseased\tomato\eefcdf5d-5207-47ca-916d-0479f010bae8___RS_Erly.B 9482_180deg.JPG,diseased_tomato,tomato,bacterial_spot,train
dataset\healthy\tomato\9299f3e8-15ee-4cf2-997a-058bb19900a5___RS_HL 9781.JPG,healthy_tomato,tomato,none,train
dataset\healthy\tomato\71c4512d-05ba-456f-ba4e-f2861b7e7837___RS_HL 0390.JPG,healthy_tomato,tomato,none,train
dataset\healthy\tomato\HL_(148).png,healthy_tomato,tomato,none,train
dataset\healthy\tomato\HL_(142).jpg,healthy_tomato,tomato,none,train
dataset\healthy\tomato\688c6cc1-16b4-4f4a-9491-afba5c8a64b6___GH_HL Leaf 347.JPG,healthy_tomato,tomato,none,train
dataset\healthy\tomato\879b48e5-11f8-4989-8226-08af79bd6eb1___RS_HL 0453.JPG,healthy_tomato,tomato,none,train
dataset\diseased\tomato\b176a644-d8ac-4bdd-9d6b-e4038ce910ac___Matt.S_CG 6914.JPG,diseased_tomato,tomato,bacterial_spot,train
dataset\diseased\tomato\bb649ab8-c07f-4d62-a186-e2cc4963dd6b___Matt.S_CG 2652.JPG,diseased_tomato,tomato,bacterial_spot,train
dataset\diseased\tomato\f7065117-14b1-44f1-b9ec-953b61fd3368___RS_Erly.B 9544.JPG,diseased_tomato,tomato,bacterial_spot,train
dataset\diseased\tomato\f33995ae-6456-476c-b832-4ff4cbaf49f7___RS_Erly.B 7525_flipTB.JPG,diseased_tomato,tomato,bacterial_spot,train
dataset\diseased\tomato\abdebe47-6f94-4284-a9c9-4bbf78eeb7c7___Matt.S_CG 1274.JPG,diseased_tomato,tomato,bacterial_spot,train
dataset\diseased\tomato\pm18_lower.jpg,diseased_tomato,tomato,bacterial_spot,train
dataset\healthy\tomato\6555b55c-78bc-4391-88ed-65b596fc7e76___GH_HL Leaf 441.JPG,healthy_tomato,tomato,none,train
dataset\diseased\tomato\ac451373-bee8-4c45-b6f8-86c4031062e7___Matt.S_CG 7501.JPG,diseased_tomato,tomato,bacterial_spot,train
dataset\healthy\tomato\3e204d0d-cfdb-41a2-a68b-c3168305d099___GH_HL Leaf 441.1_180deg.JPG,healthy_tomato,tomato,none,train
dataset\healthy\tomato\HL_(17).jpg,healthy_tomato,tomato,none,train
dataset\healthy\tomato\HL_(111).jpg,healthy_tomato,tomato,none,train
dataset\healthy\tomato\6e48af01-e836-4cdd-9b99-867d421c2ff3___RS_HL 9760.JPG,healthy_tomato,tomato,none,train
dataset\healthy\tomato\81314c2b-1def-41c8-a6b4-1cd37d1e482a___RS_HL 0175.JPG,healthy_tomato,tomato,none,train
dataset\diseased\tomato\pm17_mirror_vertical.jpg,diseased_tomato,tomato,bacterial_spot,train
dataset\diseased\tomato\b7e27afc-2044-4b28-8930-805708d7dce8___Matt.S_CG 0662.JPG,diseased_tomato,tomato,bacterial_spot,train
dataset\healthy\tomato\878c1a99-3224-4b99-87e5-2a2c497909ca___GH_HL Leaf 274.JPG,healthy_tomato,tomato,none,train
dataset\healthy\tomato\6a9836cb-f987-4ccf-8841-f227989ff5ec___RS_HL 0045.JPG,healthy_tomato,tomato,none,train
dataset\diseased\tomato\09c1a12a-ad44-4522-9755-851d6a042f02___GCREC_Bact.Sp 5585.JPG,diseased_tomato,tomato,bacterial_spot,train
dataset\diseased\tomato\0b13b997-9957-4029-b2a4-ef4a046eb088___UF.GRC_BS_Lab Leaf 0595.JPG,diseased_tomato,tomato,bacterial_spot,train
dataset\diseased\tomato\a1769cf0-7a8b-480e-865e-608b5e14534f___Keller.St_CG 1893.JPG,diseased_tomato,tomato,bacterial_spot,train
dataset\diseased\tomato\0ab9c705-f29e-45ac-b786-9549b3c38f16___GCREC_Bact.Sp 3223.JPG,diseased_tomato,tomato,bacterial_spot,train
dataset\healthy\tomato\4b7deb4f-5bce-4915-ba64-7e75c66624c2___RS_HL 0153_flipTB.JPG,healthy_tomato,tomato,none,train
dataset\diseased\tomato\1e2f0007-3bba-4d4c-b533-879a2be8ac04___Com.G_SpM_FL 9603.JPG,diseased_tomato,tomato,bacterial_spot,train
dataset\healthy\tomato\3ea5eb53-bde0-44f1-8aac-d6457e5b0b73___RS_HL 0427_flipTB.JPG,healthy_tomato,tomato,none,train
dataset\diseased\tomato\5ad7730a-d2fc-435b-afff-4e2138eb9aa2___GCREC_Bact.Sp 5588.JPG,diseased_tomato,tomato,bacterial_spot,train
dataset\diseased\tomato\pm26_hight.jpg,diseased_tomato,tomato,bacterial_spot,train
dataset\healthy\tomato\5044fab8-1e1b-4f9c-a477-3ee8497d0c75___RS_HL 0287.JPG,healthy_tomato,tomato,none,train
dataset\diseased\tomato\1dde88ff-2897-4181-834f-e3629e3cd12c___Com.G_SpM_FL 9560.JPG,diseased_tomato,tomato,bacterial_spot,train
dataset\diseased\tomato\ee5d3bda-66ef-4de8-878d-e345c3eae676___PSU_CG 2086_270deg.JPG,diseased_tomato,tomato,bacterial_spot,train
dataset\diseased\tomato\a011fd44-5a93-4058-b283-b3cd786b3f3c___Keller.St_CG 1777.JPG,diseased_tomato,tomato,bacterial_spot,train
dataset\diseased\tomato\f32568bd-2f68-4cbc-b083-4d9084858436___PSU_CG 2155_90deg.JPG,diseased_tomato,tomato,bacterial_spot,train
dataset\diseased\tomato\0e0d9560-41ee-45cf-8bea-8cddfdc04979___Com.G_SpM_FL 1159_180deg.JPG,diseased_tomato,tomato,bacterial_spot,train
dataset\diseased\tomato\b642f549-f9f4-4ac4-b8a6-9b060f88b484___JR_Sept.L.S 2597.JPG,diseased_tomato,tomato,bacterial_spot,train
dataset\diseased\tomato\3fa087fa-ee1e-4c2a-92da-66230e00ea44___UF.GRC_BS_Lab Leaf 0706.JPG,diseased_tomato,tomato,bacterial_spot,train
dataset\diseased\tomato\ebfce9c7-8727-4218-9e7b-cd4f2ff50177___PSU_CG 2112_90deg.JPG,diseased_tomato,tomato,bacterial_spot,train
dataset\diseased\tomato\1ba7b39c-c687-42da-b283-edf7a03b17b7___Com.G_SpM_FL 9484_flipTB.JPG,diseased_tomato,tomato,bacterial_spot,train
dataset\healthy\tomato\28200010-ba2b-41f7-9dff-94d86019488e___GH_HL Leaf 366.JPG,healthy_tomato,tomato,none,train
dataset\healthy\tomato\5faa74ba-8f46-4b2b-a7bf-3bc8d9458526___RS_HL 9741.JPG,healthy_tomato,tomato,none,train
dataset\healthy\tomato\HL_(151).png,healthy_tomato,tomato,none,train
dataset\diseased\tomato\b03fbf6b-8b68-4627-a001-0b81de1be427___JR_Sept.L.S 2503.JPG,diseased_tomato,tomato,bacterial_spot,train
dataset\healthy\tomato\3d16ce8b-81ef-4be2-aec6-d1deab7282b4___RS_HL 0089_new30degFlipLR.JPG,healthy_tomato,tomato,none,train
dataset\healthy\tomato\4ce3098b-aad2-4e5b-8f3b-fd827cad2c0b___RS_HL 0026_180deg.JPG,healthy_tomato,tomato,none,train
dataset\diseased\tomato\10fb9d55-efe1-4b52-9c19-23e7031c4cb6___GCREC_Bact.Sp 5559.JPG,diseased_tomato,tomato,bacterial_spot,train
dataset\diseased\tomato\0eead1ad-106f-4bb7-8e9e-4ed03cdeb7ab___Com.G_SpM_FL 1319.JPG,diseased_tomato,tomato,bacterial_spot,train
dataset\healthy\tomato\HL_(16).png,healthy_tomato,tomato,none,train
dataset\diseased\tomato\ae6a7d48-2026-4e14-b16d-1e0302f39328___Matt.S_CG 2591.JPG,diseased_tomato,tomato,bacterial_spot,train
dataset\healthy\tomato\6a800f5d-f218-4c0b-b78b-7cedcc70a3aa___GH_HL Leaf 337.1.JPG,healthy_tomato,tomato,none,train
dataset\healthy\tomato\HL_(163).jpg,healthy_tomato,tomato,none,train
dataset\diseased\tomato\bc2bc314-a693-4d07-a858-8e581d7470dc___JR_Sept.L.S 2719.JPG,diseased_tomato,tomato,bacterial_spot,train
dataset\healthy\tomato\2969446c-455d-4ad3-a0f4-25786dca0841___RS_HL 9793.JPG,healthy_tomato,tomato,none,train
dataset\diseased\tomato\5ebe2915-f288-47f8-ae67-2ab2c99a8c54___GCREC_Bact.Sp 3430.JPG,diseased_tomato,tomato,bacterial_spot,train
dataset\healthy\tomato\8a4cf703-385a-4c50-9ce2-a751ae6334e1___RS_HL 9963.JPG,healthy_tomato,tomato,none,train
dataset\diseased\tomato\0eee4e0a-7952-4973-96c9-2c441f864752___Com.G_SpM_FL 8802_flipTB.JPG,diseased_tomato,tomato,bacterial_spot,train
dataset\healthy\tomato\68f66822-cde2-4a2c-b58e-a16900362a75___RS_HL 9674.JPG,healthy_tomato,tomato,none,train
dataset\diseased\tomato\f91230c1-b28c-46fe-ab7a-329fdb689a02___RS_Erly.B 9439_flipTB.JPG,diseased_tomato,tomato,bacterial_spot,train
dataset\healthy\tomato\6a159b17-b233-4b65-ba45-9fbced7f1d39___RS_HL 0339.JPG,healthy_tomato,tomato,none,train
dataset\diseased\tomato\5a82e7de-a72d-40cf-8e22-afe0e371fbf9___GCREC_Bact.Sp 6126.JPG,diseased_tomato,tomato,bacterial_spot,train
dataset\diseased\tomato\21e92c79-7f6e-457f-887f-a6e7ba02494b___GCREC_Bact.Sp 6049.JPG,diseased_tomato,tomato,bacterial_spot,train
dataset\healthy\tomato\525c2813-206e-40ee-80a2-83b56ef45b13___RS_HL 0547.JPG,healthy_tomato,tomato,none,train
dataset\diseased\tomato\f90809d6-8b8d-4a7d-81df-c0d708ed9bb4___PSU_CG 2176_newPixel25.JPG,diseased_tomato,tomato,bacterial_spot,train
dataset\healthy\tomato\4a1e2b71-992a-4a64-a599-b49b8fa75378___RS_HL 0627_newPixel25.JPG,healthy_tomato,tomato,none,train
dataset\healthy\tomato\6883c31a-78b4-406a-9605-b6b31e0932cc___RS_HL 0037.JPG,healthy_tomato,tomato,none,train
dataset\healthy\tomato\HL_(131).png,healthy_tomato,tomato,none,train
dataset\diseased\tomato\pm24_change_180.jpg,diseased_tomato,tomato,bacterial_spot,train
dataset\healthy\tomato\4ae80701-db36-4003-a20c-925d66bdfb68___RS_HL 0602_flipTB.JPG,healthy_tomato,tomato,none,train
dataset\diseased\tomato\f0dfdada-f425-46d7-8cf3-2957850b5a2e___RS_Erly.B 9466.JPG,diseased_tomato,tomato,bacterial_spot,train
dataset\diseased\tomato\0d831ad9-bc2a-4168-bbf2-6030f3f886f2___Com.G_SpM_FL 9419.JPG,diseased_tomato,tomato,bacterial_spot,train
dataset\diseased\tomato\ab772665-1f53-48d3-997b-920c0b2b385f___JR_Sept.L.S 2661.JPG,diseased_tomato,tomato,bacterial_spot,train
dataset\healthy\tomato\522cba8a-8cf7-4d39-a73e-0602ab6fc71f___RS_HL 0288.JPG,healthy_tomato,tomato,none,train
dataset\healthy\tomato\7ce1f8c1-1542-4d7b-be27-11e29d572283___GH_HL Leaf 508.2.JPG,healthy_tomato,tomato,none,train
dataset\healthy\tomato\912988d9-48b0-4a21-b3cd-1e136cbe5cc6___RS_HL 0629.JPG,healthy_tomato,tomato,none,train
dataset\healthy\tomato\HL_(143).jpg,healthy_tomato,tomato,none,train
dataset\diseased\tomato\5a6b8e29-8841-4529-bcf5-08a69ffc07ed___GCREC_Bact.Sp 6353.JPG,diseased_tomato,tomato,bacterial_spot,train
dataset\diseased\tomato\4ad4db1b-dbd8-449a-b2a8-4ec4a89b2ba3___GCREC_Bact.Sp 3332.JPG,diseased_tomato,tomato,bacterial_spot,train
dataset\diseased\tomato\9ea77bf9-c078-4adf-9173-ca0dca15dabd___GCREC_Bact.Sp 6333.JPG,diseased_tomato,tomato,bacterial_spot,train
dataset\diseased\tomato\8f566d4c-a8b6-4ae0-a599-446cbbebecd4___GCREC_Bact.Sp 3405.JPG,diseased_tomato,tomato,bacterial_spot,train
dataset\diseased\tomato\pm35_change_90.jpg,diseased_tomato,tomato,bacterial_spot,train
dataset\diseased\tomato\9be12ff4-ce19-4681-80ec-bc21543a74af___GCREC_Bact.Sp 3318.JPG,diseased_tomato,tomato,bacterial_spot,train
dataset\healthy\tomato\54059d2e-8903-4cf1-9856-676620a5be93___GH_HL Leaf 484.JPG,healthy_tomato,tomato,none,train
dataset\diseased\tomato\4e491f68-728c-4c46-ba0d-df701d008e1d___GCREC_Bact.Sp 3200.JPG,diseased_tomato,tomato,bacterial_spot,train
dataset\healthy\tomato\HL_(105).jpg,healthy_tomato,tomato,none,train
dataset\diseased\tomato\f7066d3e-694d-44a0-a42a-a8fb1eb52ff7___PSU_CG 2190_180deg.JPG,diseased_tomato,tomato,bacterial_spot,train
dataset\healthy\tomato\HL_(1).png,healthy_tomato,tomato,none,train
dataset\healthy\tomato\56a12dcc-cd88-47c3-97b2-8c3a33f7dba2___GH_HL Leaf 370.JPG,healthy_tomato,tomato,none,train
dataset\diseased\tomato\f7100402-ba19-464b-8952-fcfe92a706c0___PSU_CG 2132.JPG,diseased_tomato,tomato,bacterial_spot,train
dataset\diseased\tomato\23dc9572-9fab-4847-b1dd-9c63e9ee010b___GCREC_Bact.Sp 5811.JPG,diseased_tomato,tomato,bacterial_spot,train
dataset\diseased\tomato\b5030d96-d7f8-45b4-947e-e9c9d40f374a___Matt.S_CG 7689.JPG,diseased_tomato,tomato,bacterial_spot,train
dataset\diseased\tomato\ba1d1b79-0317-4edc-9641-12d1a7c44055___JR_Sept.L.S 2501.JPG,diseased_tomato,tomato,bacterial_spot,train
dataset\diseased\tomato\26cabbbf-57e1-42a5-9fdc-e819b4b02d39___GCREC_Bact.Sp 3437.JPG,diseased_tomato,tomato,bacterial_spot,train
dataset\diseased\tomato\a117ce94-cbcb-4dd9-b0f0-9293ae869a8a___Matt.S_CG 2792.JPG,diseased_tomato,tomato,bacterial_spot,train
dataset\diseased\tomato\3c7e6602-8832-4502-9a10-fc06389b9604___UF.GRC_BS_Lab Leaf 0641.JPG,diseased_tomato,tomato,bacterial_spot,train
dataset\diseased\tomato\0d835caf-0069-4fa5-a022-c8cc7763189c___Com.G_SpM_FL 8917_flipTB.JPG,diseased_tomato,tomato,bacterial_spot,train
dataset\diseased\tomato\af9854ba-74f8-4e12-a24a-dd166484ff6b___Matt.S_CG 0696.JPG,diseased_tomato,tomato,bacterial_spot,train
dataset\diseased\tomato\ba03e414-81d2-44ec-ab16-bf279266d531___Matt.S_CG 2697.JPG,diseased_tomato,tomato,bacterial_spot,train
dataset\diseased\tomato\f51330a5-e187-434f-add0-bd89f488eeee___RS_Erly.B 7699.JPG,diseased_tomato,tomato,bacterial_spot,train
dataset\healthy\tomato\4ce3098b-aad2-4e5b-8f3b-fd827cad2c0b___RS_HL 0026_newPixel25.JPG,healthy_tomato,tomato,none,train
dataset\healthy\tomato\776714ac-7a89-4449-bde9-9b9911f1a371___RS_HL 9886.JPG,healthy_tomato,tomato,none,train
dataset\diseased\tomato\5a87c2e4-220b-4985-8dd7-8726c727467b___GCREC_Bact.Sp 3564.JPG,diseased_tomato,tomato,bacterial_spot,train
dataset\diseased\tomato\8a4441e3-8f4f-4f3c-9746-3014cf12337e___GCREC_Bact.Sp 5565.JPG,diseased_tomato,tomato,bacterial_spot,train
dataset\diseased\tomato\7b364fcb-622e-40fd-92fe-aec01682497e___GCREC_Bact.Sp 6087.JPG,diseased_tomato,tomato,bacterial_spot,train
dataset\diseased\tomato\1b51a575-adbd-406b-8371-754b6009e7fb___Com.G_SpM_FL 1769.JPG,diseased_tomato,tomato,bacterial_spot,train
dataset\healthy\tomato\6a8b21cc-35c6-4e5e-8f9d-a4a3591cc665___RS_HL 9961.JPG,healthy_tomato,tomato,none,train
dataset\diseased\tomato\a48fda6c-abcb-4cf4-b63f-b190ee1af683___JR_Sept.L.S 2582.JPG,diseased_tomato,tomato,bacterial_spot,train
dataset\healthy\tomato\HL_(122).jpg,healthy_tomato,tomato,none,train
dataset\diseased\tomato\12f5fc61-6113-4baa-b1d4-c619bc895323___GCREC_Bact.Sp 3262.JPG,diseased_tomato,tomato,bacterial_spot,train
dataset\diseased\tomato\9b1443e6-25d0-4dbb-a3f4-b586d7cce49f___UF.GRC_BS_Lab Leaf 8769.JPG,diseased_tomato,tomato,bacterial_spot,train
dataset\healthy\tomato\6da1cf1b-a236-4d45-a390-dac6b65c45f7___GH_HL Leaf 264.JPG,healthy_tomato,tomato,none,train
dataset\diseased\tomato\1c4ea24a-8e30-4fde-8ff3-32c9bbe4b432___Com.G_SpM_FL 1448_flipTB.JPG,diseased_tomato,tomato,bacterial_spot,train
dataset\healthy\tomato\5dd2a498-7eff-4da7-9c0f-8c394103e52c___RS_HL 0611.JPG,healthy_tomato,tomato,none,train
dataset\healthy\tomato\89ecd925-23ef-4bfe-8c55-cad05161aca2___GH_HL Leaf 236.1.JPG,healthy_tomato,tomato,none,train
dataset\healthy\tomato\HL_(156).jpg,healthy_tomato,tomato,none,train
dataset\healthy\tomato\HL_(120).jpg,healthy_tomato,tomato,none,train
dataset\healthy\tomato\4ed0a372-fe3d-49a6-82a1-2e904e6c66e3___GH_HL Leaf 200.JPG,healthy_tomato,tomato,none,train
dataset\healthy\tomato\505465db-407b-4e0a-8110-7479dad5261c___GH_HL Leaf 389.JPG,healthy_tomato,tomato,none,train
dataset\diseased\tomato\9a9f7f17-5af2-4b88-95f4-6d5e1776dd18___UF.GRC_BS_Lab Leaf 0267.JPG,diseased_tomato,tomato,bacterial_spot,train
dataset\healthy\tomato\HL_(108).png,healthy_tomato,tomato,none,train
dataset\diseased\tomato\f398656e-d695-4cea-89d8-13490de9264c___RS_Erly.B 7592.JPG,diseased_tomato,tomato,bacterial_spot,train
dataset\diseased\tomato\f7066d3e-694d-44a0-a42a-a8fb1eb52ff7___PSU_CG 2190_90deg.JPG,diseased_tomato,tomato,bacterial_spot,train
dataset\diseased\tomato\4d6779a3-148c-474f-b789-d43939a6d9cf___GCREC_Bact.Sp 5599.JPG,diseased_tomato,tomato,bacterial_spot,train
dataset\healthy\tomato\55bcfcce-70f4-4634-8107-0a8207da2b14___GH_HL Leaf 317.2.JPG,healthy_tomato,tomato,none,train
dataset\diseased\tomato\pm36_hight.jpg,diseased_tomato,tomato,bacterial_spot,train
dataset\diseased\tomato\0b5cda10-da2f-4647-b159-69647b42212f___Com.G_SpM_FL 1784_180deg.JPG,diseased_tomato,tomato,bacterial_spot,train
dataset\diseased\tomato\faaab5c4-517e-4417-b471-fa1d762e35c4___PSU_CG 2173_new30degFlipLR.JPG,diseased_tomato,tomato,bacterial_spot,train
dataset\diseased\tomato\f600fd06-c834-4305-83b2-ee1bd08cea49___PSU_CG 2235_180deg.JPG,diseased_tomato,tomato,bacterial_spot,train
dataset\healthy\tomato\4b9bc37a-a9af-4e3f-a4e4-1e6cfb79c673___RS_HL 0262_new30degFlipLR.JPG,healthy_tomato,tomato,none,train
dataset\diseased\tomato\b40312b0-86be-4acf-b2cc-747c7ef4ff35___Matt.S_CG 7469.JPG,diseased_tomato,tomato,bacterial_spot,train
dataset\diseased\tomato\6e66897f-e901-41e2-990b-54f8117b792e___GCREC_Bact.Sp 5761.JPG,diseased_tomato,tomato,bacterial_spot,train
dataset\healthy\tomato\5bded339-547a-4f93-b7cf-bbf8c948aa26___RS_HL 9748.JPG,healthy_tomato,tomato,none,train
dataset\diseased\tomato\ab242fd5-a0d8-4080-b2e1-15bc475c13c0___JR_Sept.L.S 2713.JPG,diseased_tomato,tomato,bacterial_spot,train
dataset\healthy\tomato\3796ec31-0263-4e17-a312-7871e7b5c0c2___GH_HL Leaf 486.JPG,healthy_tomato,tomato,none,train
dataset\healthy\tomato\6e583c78-1f36-4d5e-bc0e-24f3c76a2c1d___RS_HL 0284.JPG,healthy_tomato,tomato,none,train
dataset\healthy\tomato\3df51cfe-b583-40ae-a2d5-d4928a8a763f___RS_HL 9765_180deg.JPG,healthy_tomato,tomato,none,train
dataset\diseased\tomato\0ad66523-0fca-464d-a6e9-ca2d629e8058___GCREC_Bact.Sp 5945.JPG,diseased_tomato,tomato,bacterial_spot,train
dataset\healthy\tomato\41c4774e-5193-47db-947c-27a724d0d993___RS_HL 0234.JPG,healthy_tomato,tomato,none,train
dataset\healthy\tomato\HL_(138).png,healthy_tomato,tomato,none,train
dataset\healthy\tomato\809e36cd-8251-4fcf-854d-6b7bb2f41a64___RS_HL 0215.JPG,healthy_tomato,tomato,none,train
dataset\diseased\tomato\pm25_change_180.jpg,diseased_tomato,tomato,bacterial_spot,train
dataset\healthy\tomato\6c46af84-675e-4e35-8309-169c20ae8b62___RS_HL 0383.JPG,healthy_tomato,tomato,none,train
dataset\healthy\tomato\12a3a4c8-0f82-419c-9a7f-0fc6d261299a___RS_HL 9988.JPG,healthy_tomato,tomato,none,train
dataset\healthy\tomato\27bda660-1691-4763-a125-824f521587d9___RS_HL 0305.JPG,healthy_tomato,tomato,none,train
dataset\healthy\tomato\22e6625c-8075-428b-8356-fc6a97660efc___GH_HL Leaf 444.JPG,healthy_tomato,tomato,none,train
dataset\healthy\tomato\6fa01a78-0d8d-4ecf-b90f-4dbc2e89f2d9___RS_HL 0220.JPG,healthy_tomato,tomato,none,train
dataset\healthy\tomato\66534b5a-a6b7-46bb-bc09-a6bba9d9a61a___GH_HL Leaf 225.2.JPG,healthy_tomato,tomato,none,train
dataset\diseased\tomato\f432e10d-7fd7-4517-b635-cc7677f53d8e___RS_Erly.B 9590.JPG,diseased_tomato,tomato,bacterial_spot,validation
dataset\diseased\tomato\8c2d8590-4fb3-4670-b2f0-384df42eb3a7___GCREC_Bact.Sp 5921.JPG,diseased_tomato,tomato,bacterial_spot,validation
dataset\healthy\tomato\HL_(101).png,healthy_tomato,tomato,none,validation
dataset\diseased\tomato\f7100402-ba19-464b-8952-fcfe92a706c0___PSU_CG 2132_new30degFlipLR.JPG,diseased_tomato,tomato,bacterial_spot,validation
dataset\healthy\tomato\4a077dcb-30be-4f8d-9dc9-00f3874b1676___GH_HL Leaf 465_new30degFlipLR.JPG,healthy_tomato,tomato,none,validation
dataset\healthy\tomato\3bbaca2e-d2fd-4fcb-bbd7-e1ad4f7a84ae___RS_HL 0630_new30degFlipLR.JPG,healthy_tomato,tomato,none,validation
dataset\healthy\tomato\HL_(133).jpg,healthy_tomato,tomato,none,validation
dataset\diseased\tomato\b48a9db6-ca84-4941-8f00-5f22065fc0c2___Matt.S_CG 1730.JPG,diseased_tomato,tomato,bacterial_spot,validation
dataset\diseased\tomato\4f844956-b7ab-4a05-80cf-20ac61fa91c8___GCREC_Bact.Sp 3038.JPG,diseased_tomato,tomato,bacterial_spot,validation
dataset\diseased\tomato\baeeb93d-df9f-489a-a019-5adc8cf361a3___Matt.S_CG 7450.JPG,diseased_tomato,tomato,bacterial_spot,validation
dataset\healthy\tomato\76284899-9c5e-44bf-a160-02649418ec49___RS_HL 0077.JPG,healthy_tomato,tomato,none,validation
dataset\diseased\tomato\efd2cbd0-24dc-4c09-92b1-37963ae84721___PSU_CG 2379_180deg.JPG,diseased_tomato,tomato,bacterial_spot,validation
dataset\healthy\tomato\347987eb-9aee-49c7-a8c9-346d18ee7227___GH_HL Leaf 229.1.JPG,healthy_tomato,tomato,none,validation
dataset\diseased\tomato\pm10_lower.jpg,diseased_tomato,tomato,bacterial_spot,validation
dataset\diseased\tomato\ef68398c-ec92-4e44-961a-5ec1a29d3c28___RS_Erly.B 9620.JPG,diseased_tomato,tomato,bacterial_spot,validation
dataset\healthy\tomato\96d85e53-b980-42f7-8e3d-cd6f7ec9c287___GH_HL Leaf 520.5.JPG,healthy_tomato,tomato,none,validation
dataset\diseased\tomato\8c1a0a73-26c9-405e-8957-8dd58df6bdf4___GCREC_Bact.Sp 3738.JPG,diseased_tomato,tomato,bacterial_spot,validation
dataset\diseased\tomato\0ac8c80f-6d67-46ee-b662-8265d9df9183___GCREC_Bact.Sp 6115.JPG,diseased_tomato,tomato,bacterial_spot,validation
dataset\diseased\tomato\5bba3a68-37a6-4378-b3d6-e10cb9ede01e___GCREC_Bact.Sp 6226.JPG,diseased_tomato,tomato,bacterial_spot,validation
dataset\diseased\tomato\8e01eb47-11f6-4e93-ac8f-09db0a9854dd___UF.GRC_BS_Lab Leaf 0519.JPG,diseased_tomato,tomato,bacterial_spot,validation
dataset\healthy\tomato\HL_(153).png,healthy_tomato,tomato,none,validation
dataset\diseased\tomato\f600fd06-c834-4305-83b2-ee1bd08cea49___PSU_CG 2235_newPixel25.JPG,diseased_tomato,tomato,bacterial_spot,validation
dataset\healthy\tomato\07776423-f0af-455c-a7c1-36215c7e7097___RS_HL 0321.JPG,healthy_tomato,tomato,none,validation
dataset\healthy\tomato\HL_(155).jpg,healthy_tomato,tomato,none,validation
dataset\diseased\tomato\pm19_mirror.jpg,diseased_tomato,tomato,bacterial_spot,validation
dataset\healthy\tomato\4b51a704-643f-4de4-9da9-55fceb24fe42___RS_HL 0155_newPixel25.JPG,healthy_tomato,tomato,none,validation
dataset\healthy\tomato\HL_(110).png,healthy_tomato,tomato,none,validation
dataset\diseased\tomato\f85cef40-132b-4be8-8781-d8e5c14c7f22___PSU_CG 2242_newPixel25.JPG,diseased_tomato,tomato,bacterial_spot,validation
dataset\healthy\tomato\9d447b38-bd33-46f0-880b-324481fbae19___RS_HL 0366.JPG,healthy_tomato,tomato,none,validation
dataset\diseased\tomato\f7357222-4e77-4c46-a0ff-a17e165a70ff___RS_Erly.B 9619_180deg.JPG,diseased_tomato,tomato,bacterial_spot,validation
dataset\healthy\tomato\6fc5b781-6757-459f-af96-09a67dbcb2bc___RS_HL 0607.JPG,healthy_tomato,tomato,none,validation
dataset\healthy\tomato\4ae80701-db36-4003-a20c-925d66bdfb68___RS_HL 0602_new30degFlipLR.JPG,healthy_tomato,tomato,none,validation
dataset\diseased\tomato\0d5846df-f761-4d38-b10f-7bdb42b989b7___Com.G_SpM_FL 1484_180deg.JPG,diseased_tomato,tomato,bacterial_spot,validation
dataset\healthy\tomato\9dfa9d89-0a19-4e22-81c1-07c54a21f982___RS_HL 9768.JPG,healthy_tomato,tomato,none,validation
dataset\healthy\tomato\3d8a687c-febd-4bd6-8fa5-62a3e1d5ebf6___GH_HL Leaf 443.1_180deg.JPG,healthy_tomato,tomato,none,validation
dataset\diseased\tomato\9e7f767c-fdc0-4b28-9195-43ee57f8ecb1___GCREC_Bact.Sp 3356.JPG,diseased_tomato,tomato,bacterial_spot,validation
dataset\healthy\tomato\388aca21-8d73-460f-8f58-a876f294f98e___GH_HL Leaf 463.JPG,healthy_tomato,tomato,none,validation
dataset\healthy\tomato\2503cc16-ff09-4437-9d4b-4316e2c32764___GH_HL Leaf 235.JPG,healthy_tomato,tomato,none,validation
dataset\diseased\tomato\a68bc7e8-ac57-4c01-89d3-a53e2cb80480___Matt.S_CG 1536.JPG,diseased_tomato,tomato,bacterial_spot,validation
dataset\healthy\tomato\HL_(165).png,healthy_tomato,tomato,none,validation
dataset\diseased\tomato\1e0e0b1b-bc70-486b-9d85-f6e3ca348516___Com.G_SpM_FL 1285_flipTB.JPG,diseased_tomato,tomato,bacterial_spot,validation
dataset\healthy\tomato\8d78a34f-1777-4bd8-a925-795c57c11787___GH_HL Leaf 429.1.JPG,healthy_tomato,tomato,none,validation
dataset\healthy\tomato\5c23afc6-7236-4f07-adcd-61b1f69e3fb2___RS_HL 9801.JPG,healthy_tomato,tomato,none,validation
dataset\healthy\tomato\221b0575-215a-430d-a728-60020b7ad160___GH_HL Leaf 340.JPG,healthy_tomato,tomato,none,validation
dataset\diseased\tomato\efc00b83-9c44-48f5-b6ff-3acc4f5b0875___PSU_CG 2345.JPG,diseased_tomato,tomato,bacterial_spot,validation
dataset\healthy\tomato\HL_(115).jpg,healthy_tomato,tomato,none,validation
dataset\healthy\tomato\HL_(158).png,healthy_tomato,tomato,none,validation
dataset\diseased\tomato\6fba21aa-5e08-4072-af5c-1ffb9cf67c92___GCREC_Bact.Sp 5551.JPG,diseased_tomato,tomato,bacterial_spot,validation
dataset\diseased\tomato\0c142adf-5d26-4593-a7b3-d16a07f1df33___Com.G_SpM_FL 8768.JPG,diseased_tomato,tomato,bacterial_spot,validation
dataset\diseased\tomato\a84771c5-c157-409f-98b4-49dd815083f0___Matt.S_CG 6456.JPG,diseased_tomato,tomato,bacterial_spot,validation
dataset\healthy\tomato\6c8f3087-94d6-4cfb-83cd-93a59f2a646a___RS_HL 0433.JPG,healthy_tomato,tomato,none,validation
dataset\diseased\tomato\8a496fba-9b07-47a4-a9b0-8f14f6715cec___GCREC_Bact.Sp 5659.JPG,diseased_tomato,tomato,bacterial_spot,validation
dataset\diseased\tomato\f7ab79a6-43d3-4ece-9461-43742519a221___RS_Erly.B 8290_180deg.JPG,diseased_tomato,tomato,bacterial_spot,validation
dataset\healthy\tomato\5f8189f2-51cf-49b4-8a34-4955f26cf222___RS_HL 0352.JPG,healthy_tomato,tomato,none,validation
dataset\healthy\tomato\3dd714a8-5c95-4d47-a9d0-0ac15a499c2c___RS_HL 0386_180deg.JPG,healthy_tomato,tomato,none,validation
dataset\healthy\tomato\5d11d60f-fb4a-4178-9594-d017a0f51b59___GH_HL Leaf 271.JPG,healthy_tomato,tomato,none,validation
dataset\healthy\tomato\560b8340-b487-4bd9-aac1-37b0f4711444___RS_HL 0277.JPG,healthy_tomato,tomato,none,validation
dataset\diseased\tomato\pm29_lower.jpg,diseased_tomato,tomato,bacterial_spot,validation
dataset\healthy\tomato\0922314c-48ce-4a7b-a042-68fecb43a228___RS_HL 0260.JPG,healthy_tomato,tomato,none,validation
dataset\diseased\tomato\1e06dafa-f977-4354-992e-3271f34a2344___Com.G_SpM_FL 9601_180deg.JPG,diseased_tomato,tomato,bacterial_spot,validation
dataset\diseased\tomato\4bd24403-eb33-4848-b47e-39e4d48333fa___GCREC_Bact.Sp 3713.JPG,diseased_tomato,tomato,bacterial_spot,validation
dataset\healthy\tomato\3dd714a8-5c95-4d47-a9d0-0ac15a499c2c___RS_HL 0386_new30degFlipLR.JPG,healthy_tomato,tomato,none,validation
dataset\diseased\tomato\0f6a5f32-3d95-4ef1-bc01-ba36f2efb2b4___Com.G_SpM_FL 1661_180deg.JPG,diseased_tomato,tomato,bacterial_spot,validation
dataset\healthy\tomato\1421f343-ba3a-424c-ac71-b5eb9ac26c10___GH_HL Leaf 201.JPG,healthy_tomato,tomato,none,validation
dataset\healthy\tomato\6b9b1ad6-3e75-4378-ad97-7dc9b8fa084e___GH_HL Leaf 179.1.JPG,healthy_tomato,tomato,none,validation
dataset\healthy\tomato\337e35e3-7b0d-4760-a1f6-c26c7db90a0b___GH_HL Leaf 425.JPG,healthy_tomato,tomato,none,validation
dataset\diseased\tomato\7a0193fd-9941-4800-b425-aafa3a998737___GCREC_Bact.Sp 5774.JPG,diseased_tomato,tomato,bacterial_spot,validation
dataset\healthy\tomato\81024038-40ff-40c4-b8f4-4a48b08032e4___RS_HL 0301.JPG,healthy_tomato,tomato,none,validation
dataset\diseased\tomato\pm4_mirror_vertical.jpg,diseased_tomato,tomato,bacterial_spot,validation
dataset\healthy\tomato\9e0cd9db-f893-4426-b195-5643b55e0a8d___RS_HL 0379.JPG,healthy_tomato,tomato,none,validation
dataset\diseased\tomato\9fc3b924-71f1-40a6-8826-de89c9e34e52___GCREC_Bact.Sp 3050.JPG,diseased_tomato,tomato,bacterial_spot,validation
dataset\diseased\tomato\0aa1c431-682b-4a6e-af5f-2a7081ea2e97___GCREC_Bact.Sp 3622.JPG,diseased_tomato,tomato,bacterial_spot,validation
dataset\diseased\tomato\pm20_lower.jpg,diseased_tomato,tomato,bacterial_spot,validation
dataset\diseased\tomato\faaab5c4-517e-4417-b471-fa1d762e35c4___PSU_CG 2173_180deg.JPG,diseased_tomato,tomato,bacterial_spot,validation
dataset\diseased\tomato\3ac48a7d-0d8d-455f-a777-0cc35ff7ddc4___UF.GRC_BS_Lab Leaf 0709.JPG,diseased_tomato,tomato,bacterial_spot,validation
dataset\healthy\tomato\HL_(126).jpg,healthy_tomato,tomato,none,validation
dataset\healthy\tomato\984d9db2-082d-446b-8991-870090c447bb___RS_HL 0274.JPG,healthy_tomato,tomato,none,validation
dataset\healthy\tomato\9d197d8a-3f35-401a-8aa4-39f7e69d05c5___GH_HL Leaf 326.JPG,healthy_tomato,tomato,none,validation
dataset\diseased\tomato\0d956449-8243-4229-b293-124461cc4940___Com.G_SpM_FL 9325.JPG,diseased_tomato,tomato,bacterial_spot,validation
dataset\diseased\tomato\pm22_change_180.jpg,diseased_tomato,tomato,bacterial_spot,validation
dataset\healthy\tomato\HL_(150).jpg,healthy_tomato,tomato,none,validation
dataset\diseased\tomato\pm4_change_270.jpg,diseased_tomato,tomato,bacterial_spot,validation
dataset\diseased\tomato\f32568bd-2f68-4cbc-b083-4d9084858436___PSU_CG 2155.JPG,diseased_tomato,tomato,bacterial_spot,validation
dataset\diseased\tomato\f0763973-1898-4ae6-9350-c9b61976c600___RS_Erly.B 6456_180deg.JPG,diseased_tomato,tomato,bacterial_spot,validation
dataset\diseased\tomato\pm6_change_90.jpg,diseased_tomato,tomato,bacterial_spot,validation
dataset\diseased\tomato\10ed1b4a-e116-4c7e-85f6-5cc4577dbbb8___GCREC_Bact.Sp 3188.JPG,diseased_tomato,tomato,bacterial_spot,validation
dataset\diseased\tomato\4f239bf7-d595-404c-85af-ce41414c8ca5___GCREC_Bact.Sp 5802.JPG,diseased_tomato,tomato,bacterial_spot,validation
dataset\diseased\tomato\00a7c269-3476-4d25-b744-44d6353cd921___GCREC_Bact.Sp 5807.JPG,diseased_tomato,tomato,bacterial_spot,validation
dataset\diseased\tomato\ee1d7f40-d80c-4cac-9cd3-1a687431496e___PSU_CG 2282_90deg.JPG,diseased_tomato,tomato,bacterial_spot,validation
dataset\healthy\tomato\8f3da0fb-90a0-4eac-b065-822895c41c54___GH_HL Leaf 265.1.JPG,healthy_tomato,tomato,none,validation
dataset\healthy\tomato\6c5ad7e4-a826-40af-abf9-0a9e6346e656___RS_HL 0196.JPG,healthy_tomato,tomato,none,validation
dataset\healthy\tomato\37203047-d8ba-43f7-b31e-d496c41c569c___GH_HL Leaf 389.JPG,healthy_tomato,tomato,none,validation
dataset\healthy\tomato\9e43d49b-abbe-4b9b-8566-42586a58a705___RS_HL 0462.JPG,healthy_tomato,tomato,none,validation
dataset\diseased\tomato\9a1850b9-2300-4845-a52f-73420ea76617___GCREC_Bact.Sp 3114.JPG,diseased_tomato,tomato,bacterial_spot,validation
dataset\healthy\tomato\82b63dfc-d0b6-4bb3-afc4-db8d61476b10___GH_HL Leaf 415.JPG,healthy_tomato,tomato,none,validation
dataset\diseased\tomato\f5ec4428-6e58-4bc6-9ba2-3a6f5b4f374e___RS_Erly.B 6365_flipTB.JPG,diseased_tomato,tomato,bacterial_spot,validation
dataset\diseased\tomato\17bcc3fa-9905-4fcf-938b-c5e63e214718___GCREC_Bact.Sp 6329.JPG,diseased_tomato,tomato,bacterial_spot,validation
dataset\healthy\tomato\HL_(157).png,healthy_tomato,tomato,none,validation
dataset\healthy\tomato\4b8f6f0d-ed84-49ae-a92e-6cf049a42207___RS_HL 9652_flipTB.JPG,healthy_tomato,tomato,none,validation
dataset\healthy\tomato\3be50742-0fe9-404a-809e-9597793748a8___GH_HL Leaf 191_new30degFlipLR.JPG,healthy_tomato,tomato,none,validation
dataset\diseased\tomato\8-20mistakes-204_jpg.rf.c8dde57556100ea83d17c49ba01816d3.jpg,diseased_tomato,tomato,bacterial_spot,validation
dataset\healthy\tomato\04c78dad-c1eb-4a1b-bfeb-da4c7cc528e1___RS_HL 9688.JPG,healthy_tomato,tomato,none,validation
dataset\diseased\tomato\pm16_mirror.jpg,diseased_tomato,tomato,bacterial_spot,validation
dataset\diseased\tomato\5bbb489c-d164-4e67-a965-6ab33a754d3f___GCREC_Bact.Sp 3016.JPG,diseased_tomato,tomato,bacterial_spot,validation
dataset\healthy\tomato\399440f9-8e5f-4be7-805c-53c10636a9b2___GH_HL Leaf 332.JPG,healthy_tomato,tomato,none,validation
dataset\diseased\tomato\aa233fb1-e0b7-45cc-a5f3-a163b703299e___JR_Sept.L.S 2718.JPG,diseased_tomato,tomato,bacterial_spot,validation
dataset\healthy\tomato\3eb7e000-68e2-4cf3-b202-2aaf17642cb4___RS_HL 9957_newPixel25.JPG,healthy_tomato,tomato,none,validation
dataset\healthy\tomato\93e8763c-b124-48c4-bc46-df4d92625fa3___RS_HL 0261.JPG,healthy_tomato,tomato,none,validation
dataset\healthy\tomato\267fd403-bea5-4a99-ae97-ea1c272623a1___GH_HL Leaf 440.1.JPG,healthy_tomato,tomato,none,validation
dataset\diseased\tomato\b459b9c8-30e2-4a65-be28-53d80243cac2___Keller.St_CG 1797.JPG,diseased_tomato,tomato,bacterial_spot,validation
dataset\healthy\tomato\HL_(160).jpg,healthy_tomato,tomato,none,test
dataset\diseased\tomato\b06c3d4e-04cf-4eff-82fa-4553264a21e0___JR_Sept.L.S 2615.JPG,diseased_tomato,tomato,bacterial_spot,test
dataset\diseased\tomato\f035e3c9-069a-4392-9f0c-80262511f616___RS_Erly.B 9373_180deg.JPG,diseased_tomato,tomato,bacterial_spot,test
dataset\diseased\tomato\bc462a9d-4df2-4675-bce7-fb226d8f6d35___Matt.S_CG 1401.JPG,diseased_tomato,tomato,bacterial_spot,test
dataset\diseased\tomato\6aa07949-08b2-4945-a535-3f8b49f86599___GCREC_Bact.Sp 6344.JPG,diseased_tomato,tomato,bacterial_spot,test
dataset\healthy\tomato\4715a717-ed38-43b7-9ee1-4f83fba00743___RS_HL 0005.JPG,healthy_tomato,tomato,none,test
dataset\diseased\tomato\3dbc84e0-27f1-421f-8978-82881bf846fd___GCREC_Bact.Sp 3514.JPG,diseased_tomato,tomato,bacterial_spot,test
dataset\diseased\tomato\pm27_change_90.jpg,diseased_tomato,tomato,bacterial_spot,test
dataset\healthy\tomato\3be4b3ce-9fc7-4216-98f0-abd0faa9e45c___RS_HL 9945_newPixel25.JPG,healthy_tomato,tomato,none,test
dataset\diseased\tomato\4c24021e-90e2-4b84-89c2-c904dc8bb0b4___GCREC_Bact.Sp 5706.JPG,diseased_tomato,tomato,bacterial_spot,test
dataset\healthy\tomato\HL_(162).jpg,healthy_tomato,tomato,none,test
dataset\diseased\tomato\fb79c897-ed92-43c4-8b28-8bdbe951ff56___PSU_CG 2396_newPixel25.JPG,diseased_tomato,tomato,bacterial_spot,test
dataset\healthy\tomato\HL_(135).jpg,healthy_tomato,tomato,none,test
dataset\healthy\tomato\13a4fd9b-13eb-4fcd-af7d-b6c76fbbf456___GH_HL Leaf 272.JPG,healthy_tomato,tomato,none,test
dataset\diseased\tomato\1b51a575-adbd-406b-8371-754b6009e7fb___Com.G_SpM_FL 1769_180deg.JPG,diseased_tomato,tomato,bacterial_spot,test
dataset\healthy\tomato\45b3e6ad-f79c-4132-9bb5-9e9d26cbdfce___RS_HL 9908.JPG,healthy_tomato,tomato,none,test
dataset\diseased\tomato\7e3bff88-4160-4ba5-bbe1-6c1eedb6c7c1___UF.GRC_BS_Lab Leaf 0858.JPG,diseased_tomato,tomato,bacterial_spot,test
dataset\diseased\tomato\07f5c629-92da-49ad-b132-6268199882f8___GCREC_Bact.Sp 3362.JPG,diseased_tomato,tomato,bacterial_spot,test
dataset\healthy\tomato\6e1abdb8-4020-48c9-9488-2d320e8d5a4d___RS_HL 0168.JPG,healthy_tomato,tomato,none,test
dataset\diseased\tomato\pm5_hight.jpg,diseased_tomato,tomato,bacterial_spot,test
dataset\diseased\tomato\f7066d3e-694d-44a0-a42a-a8fb1eb52ff7___PSU_CG 2190.JPG,diseased_tomato,tomato,bacterial_spot,test
dataset\diseased\tomato\pm31_mirror_vertical.jpg,diseased_tomato,tomato,bacterial_spot,test
dataset\diseased\tomato\fb79c897-ed92-43c4-8b28-8bdbe951ff56___PSU_CG 2396_new30degFlipLR.JPG,diseased_tomato,tomato,bacterial_spot,test
dataset\healthy\tomato\HL_(141).jpg,healthy_tomato,tomato,none,test
dataset\healthy\tomato\81a4e19e-bbcd-4029-8a4f-ae97afe0cdcb___GH_HL Leaf 323.1.JPG,healthy_tomato,tomato,none,test
dataset\diseased\tomato\f5d2043f-a274-431f-accc-1a3e1a7df172___PSU_CG 2400_new30degFlipLR.JPG,diseased_tomato,tomato,bacterial_spot,test
dataset\diseased\tomato\pm14_change_270.jpg,diseased_tomato,tomato,bacterial_spot,test
dataset\healthy\tomato\3d16ce8b-81ef-4be2-aec6-d1deab7282b4___RS_HL 0089_180deg.JPG,healthy_tomato,tomato,none,test
dataset\diseased\tomato\f5d2043f-a274-431f-accc-1a3e1a7df172___PSU_CG 2400.JPG,diseased_tomato,tomato,bacterial_spot,test
dataset\healthy\tomato\HL_(151).jpg,healthy_tomato,tomato,none,test
dataset\healthy\tomato\1971e05b-fc5e-40c1-a4ff-c6a4c746693f___GH_HL Leaf 237.JPG,healthy_tomato,tomato,none,test
dataset\diseased\tomato\1b50c39d-8e8c-4d76-be2d-9d2c43cf09a6___Com.G_SpM_FL 8793_flipTB.JPG,diseased_tomato,tomato,bacterial_spot,test
dataset\diseased\tomato\f16eeb0f-5219-4a81-9941-351b3d9ba5fc___PSU_CG 2089.JPG,diseased_tomato,tomato,bacterial_spot,test
dataset\healthy\tomato\6c4da977-110b-4191-abfa-faa22ccc7dc7___RS_HL 9848.JPG,healthy_tomato,tomato,none,test
dataset\diseased\tomato\0a1655ed-797c-4d1d-ba35-dc255d68a2ee___GCREC_Bact.Sp 3560.JPG,diseased_tomato,tomato,bacterial_spot,test
dataset\healthy\tomato\84d5645b-619e-4882-a1d5-3a3abec47da3___RS_HL 0568.JPG,healthy_tomato,tomato,none,test
dataset\diseased\tomato\7ce15eb0-95ec-4196-a8c0-efa2905523a5___GCREC_Bact.Sp 3193.JPG,diseased_tomato,tomato,bacterial_spot,test
dataset\diseased\tomato\a18876cb-29aa-414e-8129-6008064a1af5___Matt.S_CG 6423.JPG,diseased_tomato,tomato,bacterial_spot,test
dataset\diseased\tomato\f73758a1-230b-49a7-87ae-7265232b6b67___PSU_CG 2128_270deg.JPG,diseased_tomato,tomato,bacterial_spot,test
dataset\diseased\tomato\4b4c4e5c-9cdf-4f0b-8045-7f2ebb3e8a1f___GCREC_Bact.Sp 5923.JPG,diseased_tomato,tomato,bacterial_spot,test
dataset\diseased\tomato\15d45247-ffcd-4d50-87a1-5f0527e451e9___GCREC_Bact.Sp 3763.JPG,diseased_tomato,tomato,bacterial_spot,test
dataset\healthy\tomato\59b3cd39-7a2f-4dc0-a08b-4c88f893f338___RS_HL 9792.JPG,healthy_tomato,tomato,none,test
dataset\healthy\tomato\4af641e9-7960-4c73-a32c-6373d1f341d0___GH_HL Leaf 489_180deg.JPG,healthy_tomato,tomato,none,test
dataset\diseased\tomato\6dbfe52b-be4e-47e2-9fe6-19d536d3a67a___GCREC_Bact.Sp 3164.JPG,diseased_tomato,tomato,bacterial_spot,test
dataset\healthy\tomato\45167988-3f78-4309-8ce2-633d7521847f___GH_HL Leaf 432.1.JPG,healthy_tomato,tomato,none,test
dataset\diseased\tomato\f12723c6-e944-4473-9cb1-19ba52417fe7___PSU_CG 2362_newPixel25.JPG,diseased_tomato,tomato,bacterial_spot,test
dataset\diseased\tomato\21f50927-9e52-4d6b-a3bd-8238cb23153a___GCREC_Bact.Sp 3271.JPG,diseased_tomato,tomato,bacterial_spot,test
dataset\healthy\tomato\9dc940f8-cd79-4341-95ef-f845583d9dff___RS_HL 9751.JPG,healthy_tomato,tomato,none,test
dataset\diseased\tomato\f3d26b9f-7999-4b20-8503-0e1d3a878742___PSU_CG 2304_180deg.JPG,diseased_tomato,tomato,bacterial_spot,test
dataset\healthy\tomato\5216e02b-891f-4b00-9768-73f13e6d8ebf___GH_HL Leaf 433.1.JPG,healthy_tomato,tomato,none,test
dataset\healthy\tomato\196e5fd8-8b4e-4a45-9db7-ae59c877e9a7___GH_HL Leaf 284.JPG,healthy_tomato,tomato,none,test
dataset\healthy\tomato\3e6c73ad-cfcb-4614-b927-150c2c642c9e___RS_HL 0074_180deg.JPG,healthy_tomato,tomato,none,test
dataset\healthy\tomato\4b9bc37a-a9af-4e3f-a4e4-1e6cfb79c673___RS_HL 0262.JPG,healthy_tomato,tomato,none,test
dataset\diseased\tomato\00b7e89a-e129-4576-b51f-48923888bff9___GCREC_Bact.Sp 6202.JPG,diseased_tomato,tomato,bacterial_spot,test
dataset\diseased\tomato\b70775c5-59bc-4204-af05-a420ef373667___JR_Sept.L.S 2693.JPG,diseased_tomato,tomato,bacterial_spot,test
dataset\healthy\tomato\4b7deb4f-5bce-4915-ba64-7e75c66624c2___RS_HL 0153.JPG,healthy_tomato,tomato,none,test
